PS4 Red Dead Redemption 2,1345795,59.90,TAKE TWO INTERACTIVE ESPAÑA SL,5026555423090,Sony PS4
PS4 Red dead redemption II Ultimate edition,1421208,99.99,TAKE TWO INTERACTIVE ESPAÑA SL,5026555424400,Sony PS4
PS4 Call of Duty: Black Ops 4,1401469,64.90,ACTIVISION BLIZZARD (SOFT),5030917238871,Sony PS4
PS4 Need for Speed Payback,1368357,39.99,ELECTRONIC ARTS (SOFTWARE),5030942121568,Sony PS4
PS4 Playlink - Frantics,1395240,16.99,SONY COMPUTER ENT. S.A. (SOFT),0711719376279,Sony PS4
ELECTRONIC ARTS PS4 FIFA 19,1422012,59.90,ELECTRONIC ARTS (SOFTWARE),5030930121921,Sony PS4
The Crew - Ultimate Edition - Juego PS4,1339120,27.90,UBISOFT ENTERTAIMENT S.A(SOFT),3307215982242,Sony PS4
PS4 UFC 3,1384759,48.99,ELECTRONIC ARTS (SOFTWARE),5035225121594,Sony PS4
SONY COMPUTER ENT. S.A. (SOFT) SONY COMPUTER ENT. S.A. (SOFT) PS4 MARVEL S SPIDER-MAN,1405935,59.99,SONY COMPUTER ENT. S.A. (SOFT),0711719418276,Sony PS4
PS4 SoulCalibur VI,1402711,59.90,NAMCO BANDAI (SOFTWARE),3391891997836,Sony PS4
PS4 PES 2019,1409774,43.99,KONAMI OF EUROPE GMBH (SOFT),4012927103722,Sony PS4
PS4 VR Firewall Zero hour + Aim Controller,1427041,74.99,SONY COMPUTER ENT. S.A. (SOFT),0711719394471,Sony PS4
PS4 Assasin's Creed Rogue Remastered,1394008,18.90,UBISOFT ENTERTAIMENT S.A(SOFT),3307216044505,Sony PS4
PS4 Rocket League - Edición coleccionista,1383606,29.99,WARNER BROS ENTERTAIN. (SOFTW),5051893236118,Sony PS4
PS4 Rayman Legends,1221459,16.99,UBISOFT ENTERTAIMENT S.A(SOFT),3307215775066,Sony PS4
PS4 Assassin's Creed Unity,1246694,27.90,UBISOFT ENTERTAIMENT S.A(SOFT),3307215785942,Sony PS4
PS4 Call of Duty: Black Ops 3,1294528,34.99,ACTIVISION BLIZZARD (SOFT),5030917181733,Sony PS4
PS4 Battlefield 5 + Acceso anticipado a la BETA,1418387,59.90,ELECTRONIC ARTS (SOFTWARE),5030930122270,Sony PS4
PS4 God Of War,1395236,59.99,SONY COMPUTER ENT. S.A. (SOFT),0711719358879,Sony PS4
PS4 AGENTS OF MAYHEM DAY ONE ED,1332149,9.99,KOCH MEDIA (SOFTWARE),4020628825805,Sony PS4
2K Borderlands Una Colección Muy Guapa,1269083,17.90,TAKE TWO INTERACTIVE ESPAÑA SL,5026555421102,Sony PS4
PS4 Titanfall 2,1332315,14.99,ELECTRONIC ARTS (SOFTWARE),5030932116925,Sony PS4
PS4 Trackmania Turbo,1315241,22.99,UBISOFT ENTERTAIMENT S.A(SOFT),3307215913758,Sony PS4
PS4 Grand Theft Auto V (GTA V),1318190,29.99,TAKE TWO INTERACTIVE ESPAÑA SL,5026555417037,Sony PS4
PS4 - Kingdom Hearts HD 1.5 + Kingdom Heats HD 2.5 Remix,1347680,25.99,KOCH MEDIA (SOFTWARE),5021290077676,Sony PS4
PS4 Lego DC Super Villanos,1426434,49.99,WARNER BROS ENTERTAIN. (SOFTW),5051893237283,Sony PS4
PS4 Battlefield Hardline,1244155,19.99,ELECTRONIC ARTS (SOFTWARE),5030946112425,Sony PS4
PS4 Assassin's Creed: Origins,1375406,40.90,UBISOFT ENTERTAIMENT S.A(SOFT),3307216025832,Sony PS4
"PS4 Minecraft Story Mode, Season 2",1376093,29.99,BADLAND (SOFT),5060146464666,Sony PS4
PS4 Minecraft,1247487,28.99,SONY COMPUTER ENT. S.A. (SOFT),0711719439912,Sony PS4
PS4 Far Cry 4,1241075,22.99,UBISOFT ENTERTAIMENT S.A(SOFT),3307215793442,Sony PS4
PS4 Resident Evil 5 HD,1342731,17.90,KOCH MEDIA (SOFTWARE),5055060931554,Sony PS4
PS4 Diablo III Reaper of Souls: Ultimate Evil Edition,1237526,21.99,ACTIVISION BLIZZARD (SOFT),5030917144561,Sony PS4
PS4 - Resident Evil Revelations HD,1371629,29.99,KOCH MEDIA (SOFTWARE),5055060913680,Sony PS4
PS4 TT Isle Of Man: Ride On The Edge,1398451,49.99,BIG BEN (SOFT),3499550360004,Sony PS4
PS4 The Evil Within,1243006,17.99,KOCH MEDIA (SOFTWARE),0093155149007,Sony PS4
PS4 Lego Ninjago,1373125,30.99,WARNER BROS ENTERTAIN. (SOFTW),5051893234879,Sony PS4
PS4 Warhammer 40k Inquisitor: Martyr - DLC,1403370,52.99,BIG BEN (SOFT),3499550363326,Sony PS4
PS4 Street Fighter V (PlayStation Hits),1426868,19.99,KOCH MEDIA (SOFTWARE),5055060948903,Sony PS4
PS4 Resident Evil 7 biohazard - Gold Edition,1382708,44.99,KOCH MEDIA (SOFTWARE),5055060945513,Sony PS4
PS4 Shoppe Keep,1376900,15.99,MERIDIEN (SOFT),5055957701314,Sony PS4
PS4 Singstar: MegaHits,1247489,19.99,SONY COMPUTER ENT. S.A. (SOFT),0711719459712,Sony PS4
PS4 Naruto Shippuden: Ultimate Ninja Storm Trilogy,1379272,25.99,NAMCO BANDAI (SOFTWARE),3391891996433,Sony PS4
PS4 FAR CRY 3,1423162,28.99,UBISOFT ENTERTAIMENT S.A(SOFT),3307216049364,Sony PS4
PS4 Star Wars Battlefront II,1363508,37.99,ELECTRONIC ARTS (SOFTWARE),5030947121617,Sony PS4
PS4 Call of Duty WW II,1363824,46.99,ACTIVISION BLIZZARD (SOFT),5030917215636,Sony PS4
PS4 Detroit: Become Human,1401331,55.99,SONY COMPUTER ENT. S.A. (SOFT),0711719397274,Sony PS4
PS4 Blazblue Cross Tag Battle,1419118,32.99,MERIDIEN (SOFT),5060201658696,Sony PS4
PS4 Marvel VS Capcom Infinite,1367747,23.99,KOCH MEDIA (SOFTWARE),5055060931806,Sony PS4
PS4 Resident Evil: Origins Collection,1295709,25.99,KOCH MEDIA (SOFTWARE),5055060931141,Sony PS4
PS4 Persona 5,1366410,33.99,KOCH MEDIA (SOFTWARE),4020628819729,Sony PS4
PS4 Farpoint VR,1360871,25.99,SONY COMPUTER ENT. S.A. (SOFT),0711719849957,Sony PS4
PS4 The 25th Ward: The Silver Case,1398202,28.99,NAMCO BANDAI (SOFTWARE),0810023030393,Sony PS4
Resident Evil 6 HD - Juego PS4,1342727,17.90,KOCH MEDIA (SOFTWARE),5055060931684,Sony PS4
PS4 TOMB RAIDER DEFINITIVE EDITION,1219878,17.99,KOCH MEDIA (SOFTWARE),5021290060869,Sony PS4
PS4 Just Dance 2018,1370058,34.99,UBISOFT ENTERTAIMENT S.A(SOFT),3307216017561,Sony PS4
PS4 Naruto Shippuden: Ultimate Ninja Storm 4,1301753,19.99,NAMCO BANDAI (SOFTWARE),3391891983518,Sony PS4
PS4 The Crew 2,1369143,55.99,UBISOFT ENTERTAIMENT S.A(SOFT),3307216024620,Sony PS4
PS4 The witch and the Hundred Knight 2,1398203,46.99,NAMCO BANDAI (SOFTWARE),0810023030539,Sony PS4
PS4 New Gundam Breaker,1402618,54.99,NAMCO BANDAI (SOFTWARE),3391891998741,Sony PS4
PS4 Helldivers: Super Earth - Ultimate Edition,1290926,24.99,SONY COMPUTER ENT. S.A. (SOFT),0711719816942,Sony PS4
PS4 FIFA 18,1367757,43.90,ELECTRONIC ARTS (SOFTWARE),2000013677570,Sony PS4
PS4 Need for Speed 2016,1285173,19.99,ELECTRONIC ARTS (SOFTWARE),5035223113737,Sony PS4
PS4 Darkest Dungeon: Ancestral,1404641,24.99,AVANCE,5060264372027,Sony PS4
PS4 Fallout 4,1284238,17.99,KOCH MEDIA (SOFTWARE),5055856406242,Sony PS4
PS4 Uncharted: The Nathan Drake Collection,1284809,34.99,SONY COMPUTER ENT. S.A. (SOFT),0711719866534,Sony PS4
BANDAI PS4 MXGP PRO,1404578,44.90,NAMCO BANDAI (SOFTWARE),8059617108250,Sony PS4
PS4 Street Fighter V,1287333,19.99,KOCH MEDIA (SOFTWARE),5055060930977,Sony PS4
PS4 LEGO Los Increíbles,1406120,47.99,WARNER BROS ENTERTAIN. (SOFTW),5051893236910,Sony PS4
PS4 Gravity Rush 2,1350965,30.99,SONY COMPUTER ENT. S.A. (SOFT),0711719886853,Sony PS4
PS4 Owlboy,1404643,24.99,AVANCE,8718591185618,Sony PS4
PS4 GOD OF WAR 3,1279897,35.99,SONY COMPUTER ENT. S.A. (SOFT),0711719843337,Sony PS4
PS4 Sonic Mania Plus,1402908,26.99,KOCH MEDIA (SOFTWARE),5055277031689,Sony PS4
"PS4 Yakuza Kiwami 2, Steelbook Edition",1402907,44.99,KOCH MEDIA (SOFTWARE),5055277033089,Sony PS4
PS4 Dark Souls III,1309679,24.99,NAMCO BANDAI (SOFTWARE),3391891987370,Sony PS4
BANDAI PS4 LABYRINTH OF REFRAIN: COVEN OF DUSK,1404584,44.99,NAMCO BANDAI (SOFTWARE),0810023030850,Sony PS4
PS4 Brothers: A Tale of Two Sons,1292785,18.99,505 GAMES,8023171036816,Sony PS4
PS4 Shining Resonance Refrain: Draconic Launch Edition,1402911,44.99,KOCH MEDIA (SOFTWARE),5055277031078,Sony PS4
PS4 RATCHET & CLANK PS HITS,1424250,19.99,SONY COMPUTER ENT. S.A. (SOFT),0711719415473,Sony PS4
PS4 V-Rally 4,1417792,57.99,BIG BEN (SOFT),3499550366280,Sony PS4
PS4 Ben 10,1375120,33.99,NAMCO BANDAI (SOFTWARE),5060528030205,Sony PS4
Kingdom Hearts HD 2.8 Final Chapter Prologue - Standard Edition - Juego PS4,1308926,26.90,KOCH MEDIA (SOFTWARE),5021290072022,Sony PS4
PS4 Far Cry Primal,1297897,24.99,UBISOFT ENTERTAIMENT S.A(SOFT),3307215938782,Sony PS4
PS4 Metal Max Xeno,1417881,39.99,NAMCO BANDAI (SOFTWARE),0810023031420,Sony PS4
PS4 F1 2018 Headline Edition,1417976,64.99,KOCH MEDIA (SOFTWARE),4020628762988,Sony PS4
SQUARE SQUARE PS4 DRAGON QUEST XI :ECOS DE UN PASADO PERDIDO,1407021,54.99,KOCH MEDIA (SOFTWARE),5021290081314,Sony PS4
PS4 UNCHARTED: THE LOST LEGACY,1363992,34.99,SONY COMPUTER ENT. S.A. (SOFT),0711719857761,Sony PS4
SEGA SEGA PS4 VALKYRIA CHRONICLES 4,1407022,54.99,KOCH MEDIA (SOFTWARE),5055277032662,Sony PS4
PS4 MATTERFALL,1363995,16.99,SONY COMPUTER ENT. S.A. (SOFT),0711719862567,Sony PS4
THQ NORDIC THQ NORDIC PS4 THIS IS THE POLICE 2,1407028,26.99,KOCH MEDIA (SOFTWARE),9120080072320,Sony PS4
PS4 WIPEOUT: OMEGA COLLECTION,1363991,31.99,SONY COMPUTER ENT. S.A. (SOFT),0711719853466,Sony PS4
PS4 Assetto Corsa Ultimate edition,1401720,34.99,505 GAMES,8023171041179,Sony PS4
ACTIVISION BLIZZARD (SOFT) ACTIVISION BLIZZARD (SOFT) PS4 DIABLO III: CONSOLE - ETERNAL COLLECTION,1407043,33.99,ACTIVISION BLIZZARD (SOFT),5030917236389,Sony PS4
PS4 Shantae: Half Genie Hero Ultimate Edition Day One Edition,1395224,36.99,MERIDIEN (SOFT),5060201657460,Sony PS4
PS4 Dark Souls II: Scholar of the First Sin,1265990,25.99,NAMCO BANDAI (SOFTWARE),3391891983181,Sony PS4
PS4 AO International Tennis,1405586,40.99,MERIDIEN (SOFT),9352522000145,Sony PS4
PS4 Final Fantasy X/X-2 HD Remaster - Edición Standard,1266321,19.99,KOCH MEDIA (SOFTWARE),5021290000087,Sony PS4
PS4 Dragon Ball Xenoverse,1265945,17.99,NAMCO BANDAI (SOFTWARE),3391891980685,Sony PS4
UBISOFT PS4 RAINBOW SIX SIEGE ADVANCED EDITION,1395627,27.90,UBISOFT ENTERTAIMENT S.A(SOFT),3307216055037,Sony PS4
PS4 Conan Exiles: Day One Edition,1396867,42.99,KOCH MEDIA (SOFTWARE),4020628773052,Sony PS4
PS4 MOSS,1423879,26.99,AVANCE,5060522091943,Sony PS4
PS4 Dishonored: La Muerte Del Forastero,1369084,24.99,KOCH MEDIA (SOFTWARE),5055856415800,Sony PS4
PS4 Horizon Zero Dawn Complete Edition,1385072,41.99,SONY COMPUTER ENT. S.A. (SOFT),0711719960966,Sony PS4
PS4 Yakuza Zero (PlayStation Hits),1426869,19.99,KOCH MEDIA (SOFTWARE),5055277033812,Sony PS4
PS4 Hitman Definitive Edition,1408242,40.90,WARNER BROS ENTERTAIN. (SOFTW),5051893236958,Sony PS4
PS4 Monster Energy Supercross - The Official Videogame,1385781,44.90,NAMCO BANDAI (SOFTWARE),8059617107338,Sony PS4
PS4 DISSIDIA Final Fantasy NT,1369078,31.99,KOCH MEDIA (SOFTWARE),5021290079045,Sony PS4
PS4 Mortal Kombat X (PlayStation Hits),1423903,19.99,WARNER BROS ENTERTAIN. (SOFTW),5051893237238,Sony PS4
PS4 Just Cause 3,1263836,16.99,KOCH MEDIA (SOFTWARE),5021290000612,Sony PS4
PS4 Shadow of the Tomb Raider,1402234,56.99,KOCH MEDIA (SOFTWARE),5021290080959,Sony PS4
PS4 Guilty Gear: Revelator,1325739,39.99,BADLAND (SOFT),5060201655725,Sony PS4
PS4 Black Clover Quartet Knights,1402619,64.99,NAMCO BANDAI (SOFTWARE),3391891998024,Sony PS4
PS4 Syndrome,1360997,31.99,MERIDIEN (SOFT),5055377602581,Sony PS4
PS4 Dragon Ball FighterZ,1369240,44.90,NAMCO BANDAI (SOFTWARE),3391891995412,Sony PS4
PS4 Sniper Elite III - Ultimate Edition,1271463,16.99,505 GAMES,8023171036137,Sony PS4
PS4 VR Arizona Sunshine,1395241,28.99,SONY COMPUTER ENT. S.A. (SOFT),0711719976967,Sony PS4
PS4 Attack On Titan 2,1390867,55.99,KOCH MEDIA (SOFTWARE),5060327534300,Sony PS4
PS4 Bloodborne - Game of the Year Edition,1307644,26.90,SONY COMPUTER ENT. S.A. (SOFT),0711719844341,Sony PS4
PS4 JUST DANCE 2019,1423115,54.99,UBISOFT ENTERTAIMENT S.A(SOFT),3307216081180,Sony PS4
PS4 Tom Clancys Ghost Recon: Wildlands,1330110,32.99,UBISOFT ENTERTAIMENT S.A(SOFT),3307215913024,Sony PS4
PS4 Starlink: Battle for Atlas (Starter Pack),1423097,74.90,UBISOFT ENTERTAIMENT S.A(SOFT),3307216064428,Sony PS4
PS4 Wonder Boy: The Dragon's Trap (Edición Especial),1404628,27.99,AVANCE,5060264372317,Sony PS4
For Honor + Final Fantasy XV - PS4,1383767,33.99,ARDISTEL S.L. (SOFTWARE),8431305028048,Sony PS4
PS4 Inside / Limbo Double pack,1373121,17.99,505 GAMES,8023171040684,Sony PS4
PS4 Gran Turismo Sport - Standard Edition,1331825,32.99,SONY COMPUTER ENT. S.A. (SOFT),0711719828051,Sony PS4
PS4 Pillars of Eternity - Complete Edition,1373119,27.99,505 GAMES,8023171040332,Sony PS4
PS4 WWE 2K19,1422859,59.99,TAKE TWO INTERACTIVE ESPAÑA SL,5026555424714,Sony PS4
PS4 Sega Megadrive Classics,1402126,23.99,KOCH MEDIA (SOFTWARE),5055277032044,Sony PS4
PS4 CARS 3,1364227,24.99,WARNER BROS ENTERTAIN. (SOFTW),5051893234114,Sony PS4
PS4 WWE 2K19 Deluxe Edition,1422863,88.99,TAKE TWO INTERACTIVE ESPAÑA SL,5026555425070,Sony PS4
PS4 Soulcalibur VI Collector Edition,1422921,150.00,NAMCO BANDAI (SOFTWARE),3391891997676,Sony PS4
PS4 Destiny 2 - Edición Emote - DLC Exclusivo,1373090,29.99,ACTIVISION BLIZZARD (SOFT),5030917218552,Sony PS4
PS4 Assassins Creed: Odyssey,1423086,59.99,UBISOFT ENTERTAIMENT S.A(SOFT),3307216063926,Sony PS4
SONY COMPUTER ENT. S.A. (SOFT) PS4 LITTLE BIG PLANET 3 PS HITS,1424242,18.99,SONY COMPUTER ENT. S.A. (SOFT),0711719414070,Sony PS4
PS4 Crash Bandicoot N. Sane Trilogy,1357114,34.99,ACTIVISION BLIZZARD (SOFT),5030917211072,Sony PS4
SONY COMPUTER ENT. S.A. (SOFT) PS4 DRIVECLUB PS HITS,1424236,18.99,SONY COMPUTER ENT. S.A. (SOFT),0711719412472,Sony PS4
PS4 South Park: Retaguardia en peligro,1332572,27.90,UBISOFT ENTERTAIMENT S.A(SOFT),3307215917480,Sony PS4
PS4 VR The Persistence,1424233,23.99,SONY COMPUTER ENT. S.A. (SOFT),0711719713418,Sony PS4
PS4 Uncharted 4: El Desenlace del Ladrón (PlayStation Hits),1424235,19.99,SONY COMPUTER ENT. S.A. (SOFT),0711719409977,Sony PS4
SONY COMPUTER ENT. S.A. (SOFT) PS4 KILLZONE: SHADOW FALL PS HITS,1424256,19.99,SONY COMPUTER ENT. S.A. (SOFT),0711719441670,Sony PS4
SONY COMPUTER ENT. S.A. (SOFT) PS4 BLOODBORNE PS HITS,1424257,19.99,SONY COMPUTER ENT. S.A. (SOFT),0711719437970,Sony PS4
PS4 The Last Guardian,1332722,34.99,SONY COMPUTER ENT. S.A. (SOFT),0711719838951,Sony PS4
SONY COMPUTER ENT. S.A. (SOFT) PS4 THE LAST OF US PS HITS,1424238,19.99,SONY COMPUTER ENT. S.A. (SOFT),0711719411673,Sony PS4
SONY COMPUTER ENT. S.A. (SOFT) PS4 INFAMOUS SECOND SON PS HITS,1424252,19.99,SONY COMPUTER ENT. S.A. (SOFT),0711719702511,Sony PS4
PS4 The Witcher 3: Wild Hunt - Game Of The Year Edition,1331930,34.99,NAMCO BANDAI (SOFTWARE),3391891989916,Sony PS4
PS4 MEGAMAN 11,1423283,25.99,KOCH MEDIA (SOFTWARE),5055060948774,Sony PS4
PS4 Overcooked 2,1423574,28.99,BADLAND (SOFT),5056208800558,Sony PS4
"PS4 Final Fantasy XV, Royal Edition",1394748,37.99,KOCH MEDIA (SOFTWARE),5021290080621,Sony PS4
PS4 - Scribblenauts Showdown,1394753,30.99,WARNER BROS ENTERTAIN. (SOFTW),5051893236514,Sony PS4
PS4 Watch Dogs 2,1331954,27.90,UBISOFT ENTERTAIMENT S.A(SOFT),3307215966730,Sony PS4
PS4 Overwatch Legendary Edition,1423896,41.90,ACTIVISION BLIZZARD (SOFT),5030917242717,Sony PS4
PS4 Shadow of the Colossus,1392473,29.99,SONY COMPUTER ENT. S.A. (SOFT),0711719352273,Sony PS4
PS4 The Elder Scrolls Online Summerset,1403038,34.99,KOCH MEDIA (SOFTWARE),5055856419754,Sony PS4
PS4 Ratchet and Clank,1315449,19.99,SONY COMPUTER ENT. S.A. (SOFT),0711719848233,Sony PS4
PS4 Devil May Cry HD Collection,1397745,29.99,KOCH MEDIA (SOFTWARE),5055060948149,Sony PS4
PS4 Steamworld Dig 2,1403044,23.99,KOCH MEDIA (SOFTWARE),5060102955238,Sony PS4
BANDAI PS4 Divinity: Original Sin II (Definitive Edition),1418917,48.99,NAMCO BANDAI (SOFTWARE),3391891999304,Sony PS4
PS4 Digimon Story Cyber Sleuth: Hacker's Memory,1375246,29.99,NAMCO BANDAI (SOFTWARE),3391891995788,Sony PS4
PS4 Heavy Rain + Beyond: Two Souls Collection,1309383,32.99,SONY COMPUTER ENT. S.A. (SOFT),0711719878346,Sony PS4
PS4 Los Sims 4,1373596,37.99,ELECTRONIC ARTS (SOFTWARE),5035228122406,Sony PS4
PS4 Assetto Corsa,1311426,17.99,505 GAMES,8023171037134,Sony PS4
PS4 Naruto to Boruto Shinobi Striker,1418492,64.99,NAMCO BANDAI (SOFTWARE),3391891996877,Sony PS4
PS4 Far Cry 5,1367489,40.90,UBISOFT ENTERTAIMENT S.A(SOFT),3307216023265,Sony PS4
PS4 NBA 2K19,1418465,59.90,TAKE TWO INTERACTIVE ESPAÑA SL,5026555424820,Sony PS4
PS4 Battlefield 1: Revolution,1373580,54.90,ELECTRONIC ARTS (SOFTWARE),5030936122434,Sony PS4
PS4 LEGO: Star Wars El Despertar de la Fuerza,1313811,19.99,WARNER BROS ENTERTAIN. (SOFTW),5051893229141,Sony PS4
PS4 Harvest Moon: La luz de la esperanza - Special Edition,1403041,31.99,KOCH MEDIA (SOFTWARE),5060102955177,Sony PS4
PS4 UFC 2,1308201,19.99,ELECTRONIC ARTS (SOFTWARE),5030941117937,Sony PS4
PS4 One Piece: Burning Blood,1313122,18.99,NAMCO BANDAI (SOFTWARE),3391891988070,Sony PS4
PS4 Plants vs. Zombies: Garden Warfare 2,1308198,18.99,ELECTRONIC ARTS (SOFTWARE),5030945116370,Sony PS4
PS4 Los Sims 4 Deluxe Edition,1373597,54.90,ELECTRONIC ARTS (SOFTWARE),5030935122619,Sony PS4
PS4 HOTEL TRANSYLVANIA: MONSTRUOS AL AGUA,1422254,34.99,NAMCO BANDAI (SOFTWARE),5060528030663,Sony PS4
NAMCO BANDAI PS4 DISGAEA 1 COMPLETE,1422269,44.99,NAMCO BANDAI (SOFTWARE),0810023031734,Sony PS4
PS4 Redout,1357950,16.99,505 GAMES,8023171039923,Sony PS4
PS4 Final Fantasy XV,1320913,17.90,KOCH MEDIA (SOFTWARE),5021290072985,Sony PS4
PS4 Hora de aventuras: Piratas del Enchiridión,1398205,34.99,NAMCO BANDAI (SOFTWARE),5060528030458,Sony PS4
PS4 No Mans Sky,1318574,34.99,SONY COMPUTER ENT. S.A. (SOFT),0711719849834,Sony PS4
PS4 Injustice 2: Legendary Edition,1401325,32.90,WARNER BROS ENTERTAIN. (SOFTW),5051893236811,Sony PS4
PS4 MotoGP 18,1403961,57.99,NAMCO BANDAI (SOFTWARE),8059617107796,Sony PS4
PS4 Dark Souls: Remastered,1394892,37.99,NAMCO BANDAI (SOFTWARE),3391891997362,Sony PS4
PS4 VR Bravo Team,1385070,31.99,SONY COMPUTER ENT. S.A. (SOFT),0711719956969,Sony PS4
PS4 Kingdom Come: Deliverance,1366408,34.90,KOCH MEDIA (SOFTWARE),4020628816087,Sony PS4
PS4 Project Cars 2,1356430,38.99,NAMCO BANDAI (SOFTWARE),3391891993470,Sony PS4
PS4 Project Cars Game Of The Year Edition,1317876,34.99,NAMCO BANDAI (SOFTWARE),3391891988810,Sony PS4
PS4 ALIEN ISOLATION,1221486,19.99,KOCH MEDIA (SOFTWARE),5055277023813,Sony PS4
PS4 Naruto Shippuden Ultimate Ninja Storm 4: Road to Boruto,1352665,20.99,NAMCO BANDAI (SOFTWARE),3391891991247,Sony PS4
PS4 - Nioh,1352443,34.99,SONY COMPUTER ENT. S.A. (SOFT),0711719817963,Sony PS4
PS4 Shenmue I & II,1407504,31.99,KOCH MEDIA (SOFTWARE),5055277033270,Sony PS4
PS4 Tekken 7,1352680,33.99,NAMCO BANDAI (SOFTWARE),3391891990929,Sony PS4
PS4 - Lego Worlds,1351383,21.99,WARNER BROS ENTERTAIN. (SOFTW),5051893233353,Sony PS4
PS4 Mass Effect: Andromeda,1348124,18.99,ELECTRONIC ARTS (SOFTWARE),5030941116350,Sony PS4
PS4 Street Fighter 30th Anniversary Collection,1400280,31.99,KOCH MEDIA (SOFTWARE),5055060945049,Sony PS4
PS4 Stardew Valley - Edición Coleccionista,1357948,15.99,505 GAMES,8023171039664,Sony PS4
PS4 The Banner Saga Collection,1407179,34.99,505 GAMES,8023171041360,Sony PS4
PS4 Don't Starve Mega Pack,1407176,26.99,505 GAMES,8023171042046,Sony PS4
PS4 Troll & I,1358865,38.99,BADLAND (SOFT),5016488130127,Sony PS4
PS4 Injustice 2,1354722,24.90,WARNER BROS ENTERTAIN. (SOFTW),5051893233322,Sony PS4
PS4 - Lego City Undercover,1354718,34.99,WARNER BROS ENTERTAIN. (SOFTW),5051893233513,Sony PS4
PS4 Nier: Automata,1360232,33.99,KOCH MEDIA (SOFTWARE),5021290072619,Sony PS4
PS4 Tennis World Tour,1402393,54.99,BIG BEN (SOFT),3499550363890,Sony PS4
PS4 Dark Souls III: The Fire Fades Edition,1354732,34.99,NAMCO BANDAI (SOFTWARE),3391891992060,Sony PS4
PS4 THE LONG DARK: SEASON ONE WINTERMUTE,1426373,24.99,MERIDIEN (SOFT),0811949030078,Sony PS4
PS4 VR Superstar Dust,1336531,15.99,SONY COMPUTER ENT. S.A. (SOFT),0711719858058,Sony PS4
PS4 SHADOWS AWAKENING,1428564,44.99,MERIDIEN (SOFT),4260458361436,Sony PS4
PS4 Zone of the Enders the 2nd Runner: Mars,1427047,26.99,KONAMI OF EUROPE GMBH (SOFT),4012927104149,Sony PS4
PS4 Destiny: The Collection,1337799,26.99,ACTIVISION BLIZZARD (SOFT),5030917203381,Sony PS4
PS4 Life is Strange,1316553,16.99,KOCH MEDIA (SOFTWARE),5021290070356,Sony PS4
PS4 DESTINY 2: LOS RENEGADOS COLECCION LEGENDARIA,1427786,60.99,ACTIVISION BLIZZARD (SOFT),5030917252013,Sony PS4
PS4 Rayman Legends (PlayStation Hits),1425841,19.99,UBISOFT ENTERTAIMENT S.A(SOFT),3307216076070,Sony PS4
PS4 VR Firewall Zero hour,1427039,34.99,SONY COMPUTER ENT. S.A. (SOFT),0711719390275,Sony PS4
PS4 SLIME RANCHER,1428559,24.99,MERIDIEN (SOFT),0811949030054,Sony PS4
PS4 Assassin's Creed: The Ezio Collection,1342346,25.99,UBISOFT ENTERTAIMENT S.A(SOFT),3307215977453,Sony PS4
Battlezone VR - Juego PS4,1341894,34.99,SONY COMPUTER ENT. S.A. (SOFT),0711719869757,Sony PS4
"PS4 Assassin's Creed 4: Black Flag, Playstation Hits",1425843,18.99,UBISOFT ENTERTAIMENT S.A(SOFT),3307216076957,Sony PS4
PS4 Ducati 90TH Aniversario,1352670,17.99,NAMCO BANDAI (SOFTWARE),8059617105921,Sony PS4
PS4 Horizon Zero Dawn,1338919,32.99,SONY COMPUTER ENT. S.A. (SOFT),0711719825265,Sony PS4
RISING STAR PS4 LITTLE DRAGONS CAFE,1429323,44.99,KOCH MEDIA (SOFTWARE),5060102955351,Sony PS4
PS4 The Lost Child,1399811,41.99,NAMCO BANDAI (SOFTWARE),0810023030171,Sony PS4
PC Final Fantasy XIV: Starter Pack,1364575,11.99,KOCH MEDIA (SOFTWARE),5021290078529,Sony PS4
PS4 Watch Dogs (PlayStation Hits),1425842,18.99,UBISOFT ENTERTAIMENT S.A(SOFT),3307216076162,Sony PS4
PS4 Rise Of The Tomb Rider: 20 Aniversario,1364576,17.90,KOCH MEDIA (SOFTWARE),5021290074729,Sony PS4
UBISOFT SWITCH JUST DANCE 2017,1354173,19.90,UBISOFT ENTERTAIMENT S.A(SOFT),3307216009412,Nintendo Switch
NINTENDO ESPAÑA S.A.(SOFTWARE) SWITCH OCTOPATH TRAVELLER,1405137,52.99,NINTENDO ESPAÑA S.A.(SOFTWARE),0045496422202,Nintendo Switch
Nintendo Switch Dark Souls Remastered,1397648,34.99,NINTENDO ESPAÑA S.A.(SOFTWARE),0045496421915,Nintendo Switch
NINTENDO ESPAÑA S.A.(SOFTWARE) SWITCH POKEMON LET S GO PIKACHU + POKE BALL PLUS,1423080,94.99,NINTENDO ESPAÑA S.A.(SOFTWARE),0045496423902,Nintendo Switch
Nintendo Switch Mario Tennis Aces,1401646,45.99,NINTENDO ESPAÑA S.A.(SOFTWARE),0045496422035,Nintendo Switch
RISING STAR SWITCH LITTLE DRAGONS CAFE,1429324,44.99,KOCH MEDIA (SOFTWARE),5060102955306,Nintendo Switch
Nintendo Switch Super Mario Party,1423084,49.99,NINTENDO ESPAÑA S.A.(SOFTWARE),0045496423001,Nintendo Switch
Nintendo Switch Super Mario Odyssey,1370132,45.99,NINTENDO ESPAÑA S.A.(SOFTWARE),0045496420925,Nintendo Switch
Nintendo Switch Ultra Street Fighter II: The Final Challengers,1362839,29.99,NINTENDO ESPAÑA S.A.(SOFTWARE),0045496420567,Nintendo Switch
Nintendo Switch Lego DC Super Villanos,1426438,49.99,WARNER BROS ENTERTAIN. (SOFTW),5051893237306,Nintendo Switch
Nintendo Switch Doom,1381975,43.99,NINTENDO ESPAÑA S.A.(SOFTWARE),0045496421335,Nintendo Switch
Nintendo Switch Donkey Kong Tropical Freeze,1397647,45.99,NINTENDO ESPAÑA S.A.(SOFTWARE),0045496421755,Nintendo Switch
Nintendo Switch NBA 2K19,1418467,56.99,TAKE TWO INTERACTIVE ESPAÑA SL,5026555067164,Nintendo Switch
NAMCO BANDAI SWITCH DISGAEA 1 COMPLETE,1422270,44.99,NAMCO BANDAI (SOFTWARE),0810023031642,Nintendo Switch
SWITCH OVERCOOKED 2,1423576,34.99,BADLAND (SOFT),5056208802255,Nintendo Switch
ELECTRONIC ARTS SWITCH FIFA 19,1422016,52.90,ELECTRONIC ARTS (SOFTWARE),5030943122342,Nintendo Switch
Nintendo Switch - La Lego Ninjago Película: El videojuego,1379259,30.99,WARNER BROS ENTERTAIN. (SOFTW),5051893234893,Nintendo Switch
Nintendo Switch Hyrule Warriors Definitive Edition,1401645,52.99,NINTENDO ESPAÑA S.A.(SOFTWARE),0045496421830,Nintendo Switch
Nintendo Switch Arms,1354081,43.99,NINTENDO ESPAÑA S.A.(SOFTWARE),0045496420376,Nintendo Switch
Nintendo Switch Cars 3,1364231,30.99,WARNER BROS ENTERTAIN. (SOFTW),5051893234152,Nintendo Switch
Nintendo Switch Minecraft,1416263,24.99,NINTENDO ESPAÑA S.A.(SOFTWARE),0045496420642,Nintendo Switch
SWITCH LET'S SING 10 + 2 MICROS,1374788,26.90,KOCH MEDIA (SOFTWARE),4020628780623,Nintendo Switch
Nintendo Switch - Scribblenauts Showdown,1394755,29.99,WARNER BROS ENTERTAIN. (SOFTW),5051893236538,Nintendo Switch
Switch Portal Knights,1392140,22.99,505 GAMES,8023171040943,Nintendo Switch
Nintendo Switch Sonic Mania Plus,1402910,26.99,KOCH MEDIA (SOFTWARE),5055277031931,Nintendo Switch
Nintendo Switch Dragon Quest Builders,1391319,39.99,NINTENDO ESPAÑA S.A.(SOFTWARE),0045496421427,Nintendo Switch
Switch PayDay 2,1392141,44.99,505 GAMES,8023171041070,Nintendo Switch
SWITCH YONDER,1421310,27.99,AVANCE,5060264372515,Nintendo Switch
Nintendo Switch FIFA 18 Standard Edition,1367759,34.99,ELECTRONIC ARTS (SOFTWARE),2000013677594,Nintendo Switch
Nintendo Switch Gear.Club Unlimited,1376908,40.99,MERIDIEN (SOFT),3760156481739,Nintendo Switch
Nintendo Switch The Legend of Zelda: Breath of the Wild,1353592,54.99,NINTENDO ESPAÑA S.A.(SOFTWARE),0045496420079,Nintendo Switch
Nintendo Switch Flashback: 25 Anniversary,1403140,31.99,MERIDIEN (SOFT),3760156482088,Nintendo Switch
Nintendo Switch Tennis World Tour,1402394,48.99,BIG BEN (SOFT),3499550364309,Nintendo Switch
Nintendo Switch Sushi Striker: The Way of Sushido,1402207,35.99,NINTENDO ESPAÑA S.A.(SOFTWARE),0045496422127,Nintendo Switch
Nintendo Switch 1-2-Switch,1353594,44.99,NINTENDO ESPAÑA S.A.(SOFTWARE),0045496420208,Nintendo Switch
Nintendo Switch LEGO Los Increíbles,1406124,44.99,WARNER BROS ENTERTAIN. (SOFTW),5051893236934,Nintendo Switch
Nintendo Switch Penny Punching Princess,1375249,32.99,NAMCO BANDAI (SOFTWARE),0813633019970,Nintendo Switch
Nintendo Switch Monster Energy Supercross The Official Videogame,1385798,42.99,NAMCO BANDAI (SOFTWARE),8059617107673,Nintendo Switch
SWITCH MARIO RABBIDS KINDOM BATTLE GOLD,1423167,54.99,UBISOFT ENTERTAIMENT S.A(SOFT),3307216024538,Nintendo Switch
Nintendo Switch Mario + Rabbids Kingdom Battle,1369136,54.99,UBISOFT ENTERTAIMENT S.A(SOFT),3307216024415,Nintendo Switch
Nintendo Switch Yesterday Origins,1403139,28.99,MERIDIEN (SOFT),3760156482064,Nintendo Switch
Nintendo Switch Kirby Star Allies,1396298,50.99,NINTENDO ESPAÑA S.A.(SOFTWARE),0045496421670,Nintendo Switch
Nintendo Switch Legend of Kay - Anniversary,1399806,26.99,KOCH MEDIA (SOFTWARE),9120080072405,Nintendo Switch
Nintendo Switch Titan Quest,1407034,34.99,KOCH MEDIA (SOFTWARE),9120080071910,Nintendo Switch
Nintendo Switch The Elder Scrolls V: Skyrim,1377056,44.99,NINTENDO ESPAÑA S.A.(SOFTWARE),0045496421243,Nintendo Switch
Nintendo Switch South Park: Retaguardia en peligro,1403128,54.99,UBISOFT ENTERTAIMENT S.A(SOFT),3307216053910,Nintendo Switch
Switch Nintendo Labo - Toy-Con Kit de robot,1394711,57.99,NINTENDO ESPAÑA S.A.(SOFTWARE),0045496421595,Nintendo Switch
Nintendo Switch Xenoblade Chronicles 2,1377057,52.99,NINTENDO ESPAÑA S.A.(SOFTWARE),0045496421007,Nintendo Switch
Nintendo Switch Hello Kitty Kruisers,1403046,24.99,KOCH MEDIA (SOFTWARE),5060102954798,Nintendo Switch
Nintendo Switch Snipperclips Plus: ¡A recortar en compañía!,1377055,24.99,NINTENDO ESPAÑA S.A.(SOFTWARE),0045496421168,Nintendo Switch
Nintendo Switch Puyo Puyo Tetris,1355960,26.99,KOCH MEDIA (SOFTWARE),4020628811884,Nintendo Switch
SWITCH NINTENDO LABO KIT DE VEHICULOS,1428046,61.99,NINTENDO ESPAÑA S.A.(SOFTWARE),0045496421977,Nintendo Switch
Nintendo Switch Dragon Ball Xenoverse 2,1372034,36.99,NAMCO BANDAI (SOFTWARE),3391891995139,Nintendo Switch
Nintendo Switch Hotel Transylvania 3: Monstruos al agua,1422259,34.99,NAMCO BANDAI (SOFTWARE),5060528030601,Nintendo Switch
Nintendo Switch Dragon Ball FighterZ,1422925,54.99,NAMCO BANDAI (SOFTWARE),3391891998949,Nintendo Switch
NINTENDO ESPAÑA S.A.(SOFTWARE) SWITCH XENOBLADE CHRONICLES 2: TORNA THE GOLDEN CO,1423083,34.99,NINTENDO ESPAÑA S.A.(SOFTWARE),0045496422837,Nintendo Switch
Nintendo Switch Little Nightmares - Complete Edition,1402617,33.99,NAMCO BANDAI (SOFTWARE),3391891997553,Nintendo Switch
Nintendo Switch Mario Kart 8 Deluxe,1354080,50.99,NINTENDO ESPAÑA S.A.(SOFTWARE),0045496420291,Nintendo Switch
SWITCH JUST DANCE 2019,1423117,54.99,UBISOFT ENTERTAIMENT S.A(SOFT),3307216081302,Nintendo Switch
Nintendo Switch Splatoon 2,1354082,50.99,NINTENDO ESPAÑA S.A.(SOFTWARE),0045496420444,Nintendo Switch
Nintendo Switch MotoGP 18,1403965,54.99,NAMCO BANDAI (SOFTWARE),8059617108137,Nintendo Switch
Nintendo Switch The Official Motocross Videogame,1375334,33.99,NAMCO BANDAI (SOFTWARE),8059617107147,Nintendo Switch
Nintendo Switch One Piece Pirate Warriors 3,1402616,52.99,NAMCO BANDAI (SOFTWARE),3391891998635,Nintendo Switch
Nintendo Switch Bayonetta 2 + Bayonetta 1 (Código de descarga),1390870,49.99,NINTENDO ESPAÑA S.A.(SOFTWARE),0045496421502,Nintendo Switch
THQ NORDIC THQ NORDIC SWITCH THIS IS THE POLICE 2,1407030,26.99,KOCH MEDIA (SOFTWARE),9120080072368,Nintendo Switch
Nintendo Switch Blazblue Cross Tag Battle,1419119,33.99,MERIDIEN (SOFT),5060201658733,Nintendo Switch
Switch Nintendo Labo - Toy-Con Kit variado,1394710,58.99,NINTENDO ESPAÑA S.A.(SOFTWARE),0045496421564,Nintendo Switch
Nintendo Switch The Lost Child,1399810,42.99,NAMCO BANDAI (SOFTWARE),0810023031260,Nintendo Switch
Nintendo Switch Crash Bandicoot N.Sane Trilogy,1400735,33.99,ACTIVISION BLIZZARD (SOFT),5030917236761,Nintendo Switch
Nintendo Switch Go Vacation,1417882,43.99,NINTENDO ESPAÑA S.A.(SOFTWARE),0045496422486,Nintendo Switch
BANDAI BANDAI Nintendo Switch Labyrinth of refrain: Coven of Dusk,1404585,44.99,NAMCO BANDAI (SOFTWARE),0810023030935,Nintendo Switch
Nintendo Switch SNK Heroines: Tag Team,1423082,44.99,NINTENDO ESPAÑA S.A.(SOFTWARE),0045496424022,Nintendo Switch
Nintendo Switch Captain Toad: Treasure Tracker,1402210,34.99,NINTENDO ESPAÑA S.A.(SOFTWARE),0045496422370,Nintendo Switch
Nintendo Switch Hora de aventuras: Piratas del Enchiridión,1398204,34.99,NAMCO BANDAI (SOFTWARE),5060528030380,Nintendo Switch
Nintendo Switch Wolfenstein II: The New Colossus,1407325,48.99,NINTENDO ESPAÑA S.A.(SOFTWARE),0045496422288,Nintendo Switch
Nintendo Switch Starlink: Battle for Atlas (Starter Pack),1423100,74.90,UBISOFT ENTERTAIMENT S.A(SOFT),3307216064763,Nintendo Switch
Nintendo Switch Super Chariot,1403138,24.99,MERIDIEN (SOFT),3760156482095,Nintendo Switch
Nintendo Switch - God Wars The complete Legend,1399813,39.99,NAMCO BANDAI (SOFTWARE),0810023031345,Nintendo Switch
Xbox One Red Dead Redemption 2,1345794,59.90,TAKE TWO INTERACTIVE ESPAÑA SL,5026555359023,Xbox One
Red dead redemption II Ultimate edition,1421210,94.99,TAKE TWO INTERACTIVE ESPAÑA SL,5026555360135,Xbox One
XBOXONE JUST DANCE 2019,1423122,54.99,UBISOFT ENTERTAIMENT S.A(SOFT),3307216080329,Xbox One
Xbox One Mirror&#39;s Edge: Catalyst,1309268,12.99,ELECTRONIC ARTS (SOFTWARE),5035225116392,Xbox One
Xbox One SoulCalibur VI,1402713,59.90,NAMCO BANDAI (SOFTWARE),3391891997881,Xbox One
Xbox One Tom Clancys Ghost Recon: Wildlands,1330111,33.99,UBISOFT ENTERTAIMENT S.A(SOFT),3307215913161,Xbox One
Xbox One Minecraft Story Mode: Season 2,1376094,28.99,BADLAND (SOFT),5060146464734,Xbox One
Xbox One MXGP Pro,1404579,44.90,NAMCO BANDAI (SOFTWARE),8059617108373,Xbox One
Xbox One Starlink: Battle for Atlas (Starter Pack),1423102,74.90,UBISOFT ENTERTAIMENT S.A(SOFT),3307216064589,Xbox One
Xbox One Assassins Creed: Odyssey,1423087,59.99,UBISOFT ENTERTAIMENT S.A(SOFT),3307216073437,Xbox One
Xbox One Elex,1376101,47.99,BADLAND (SOFT),9006113008958,Xbox One
"XBox One Pillars of Eternity, Complete Edition",1373120,26.99,505 GAMES,8023171040394,Xbox One
Xbox One Tekken 7,1352682,29.99,NAMCO BANDAI (SOFTWARE),3391891991049,Xbox One
XBOXONE MEGAMAN 11,1423284,25.99,KOCH MEDIA (SOFTWARE),5055060987155,Xbox One
Xbox One Gravel,1360185,16.99,NAMCO BANDAI (SOFTWARE),8059617106935,Xbox One
Xbox One Just Cause 3 (Gold Edition),1356789,26.99,KOCH MEDIA (SOFTWARE),5021290078314,Xbox One
Xbox One Call of Duty Modern Warfare Remastered,1371473,32.99,ACTIVISION BLIZZARD (SOFT),5030917214592,Xbox One
Xbox One WWE 2K19 (Deluxe Edition),1422864,94.99,TAKE TWO INTERACTIVE ESPAÑA SL,5026555360753,Xbox One
Xbox One Shining Resonance Refrain: Draconic Launch Edition,1402912,44.99,KOCH MEDIA (SOFTWARE),5055277031269,Xbox One
Xbox One Rush: Una aventura Disney - Pixar,1383132,21.99,MICROSOFT IRELAND (SOFT),0889842228755,Xbox One
Xbox One The Witcher 3: Wild Hunt - Game Of The Year Edition,1331932,34.99,NAMCO BANDAI (SOFTWARE),3391891989794,Xbox One
Xbox One Sega Megadrive Classics,1402127,26.99,KOCH MEDIA (SOFTWARE),5055277032136,Xbox One
Xbox One MotoGP 18,1403962,57.99,NAMCO BANDAI (SOFTWARE),8059617107918,Xbox One
Xbox One V-Rally 4,1417794,57.99,BIG BEN (SOFT),3499550366440,Xbox One
Xbox One Warhammer 40k Inquisitor: Martyr + DLC,1403369,52.99,BIG BEN (SOFT),3499550363463,Xbox One
Xbox One Assassin's Creed Unity - Greatest Hits,1354872,27.90,UBISOFT ENTERTAIMENT S.A(SOFT),3307215937723,Xbox One
Xbox One Sonic Mania Plus,1402909,25.99,KOCH MEDIA (SOFTWARE),5055277031825,Xbox One
XBox One Forza Motorsport 7,1375515,39.99,MICROSOFT IRELAND (SOFT),0889842227994,Xbox One
XBOXONE L.A. NOIRE,1376308,19.90,TAKE TWO INTERACTIVE ESPAÑA SL,5026555359733,Xbox One
Xbox One Shadow Of The Tomb Raider: Croft Edition,1408247,99.99,KOCH MEDIA (SOFTWARE),5021290081840,Xbox One
XBox One - Scribblenauts Showdown,1394754,30.99,WARNER BROS ENTERTAIN. (SOFTW),5051893236521,Xbox One
Xbox One PES 2019,1409775,54.99,KONAMI OF EUROPE GMBH (SOFT),4012927112670,Xbox One
XBOXONE Stardew Valley Edición Coleccionista,1357949,16.99,505 GAMES,8023171039503,Xbox One
XBOXONE DESTINY 2: LOS RENEGADOS COLECCION LEGENDA,1427787,62.99,ACTIVISION BLIZZARD (SOFT),5030917252129,Xbox One
XBOXONE DRAGONBALL XENOVERSE 2,1334929,23.99,NAMCO BANDAI (SOFTWARE),3391891990189,Xbox One
Xbox One Assasin's Creed Rogue Remastered,1394009,18.90,UBISOFT ENTERTAIMENT S.A(SOFT),3307216044642,Xbox One
Xbox One Injustice 2: Legendary Edition,1401327,32.90,WARNER BROS ENTERTAIN. (SOFTW),5051893236828,Xbox One
Xbox One Moto GP 16: Valentino Rossi The Game,1324838,25.99,NAMCO BANDAI (SOFTWARE),8059617105266,Xbox One
Xbox One Overwatch Legendary Edition,1423897,41.90,ACTIVISION BLIZZARD (SOFT),5030917242830,Xbox One
XboxOne Resident Evil 7 biohazard - Gold Edition,1382709,44.99,KOCH MEDIA (SOFTWARE),5055060967416,Xbox One
Xbox One - Dungeons 3,1376903,47.99,MERIDIEN (SOFT),4260458360972,Xbox One
SEGA SEGA XBOXONE VALKYRIA CHRONICLES 4,1407023,54.99,KOCH MEDIA (SOFTWARE),5055277032884,Xbox One
Xbox One Overcooked 2,1423575,29.99,BADLAND (SOFT),5056208800619,Xbox One
"XBox One Final Fantasy XV, Royal Edition",1394749,39.99,KOCH MEDIA (SOFTWARE),5021290080713,Xbox One
Xbox One Assetto Corsa Ultimate Edition,1401727,35.99,505 GAMES,8023171041278,Xbox One
XboxOne Dark Souls III: The Fire Fades Edition,1354733,34.99,NAMCO BANDAI (SOFTWARE),3391891991940,Xbox One
THQ NORDIC THQ NORDIC XBOXONE THIS IS THE POLICE 2,1407029,26.99,KOCH MEDIA (SOFTWARE),9120080072344,Xbox One
Xbox One FIFA 18 Standard Edition,1367758,43.90,ELECTRONIC ARTS (SOFTWARE),2000013677587,Xbox One
Xbox One No Mans Sky,1407178,44.99,505 GAMES,8023171041865,Xbox One
XBOXONE INSIDE / LIMBO DOUBLE PACK,1373122,18.99,505 GAMES,8023171040776,Xbox One
NAMCO BANDAI (SOFTWARE) XBOXONE PROJECT C.A.R.S.,1251830,34.99,NAMCO BANDAI (SOFTWARE),3391891980951,Xbox One
Xbox One The Crew - Wild Run Edition,1294092,29.99,UBISOFT ENTERTAIMENT S.A(SOFT),3307215914496,Xbox One
Xbox One Watch Dogs - Complete Edition,1354871,22.99,UBISOFT ENTERTAIMENT S.A(SOFT),3307215886540,Xbox One
THQ NORDIC THQ NORDIC XBOXONE DARKSIDERS III,1407026,54.99,KOCH MEDIA (SOFTWARE),9120080070838,Xbox One
Xbox One Don't Starve Mega Pack,1352460,24.99,505 GAMES,8023171038674,Xbox One
Xbox One Life is Strange: Before the Storm (Limited Edition),1394752,31.99,KOCH MEDIA (SOFTWARE),5021290079731,Xbox One
Xbox One Tennis World Tour,1402391,56.99,BIG BEN (SOFT),3499550364057,Xbox One
BANDAI Xbox One Divinity: Original Sin II (Definitive Edition),1418918,54.99,NAMCO BANDAI (SOFTWARE),3391891999380,Xbox One
Xbox One Conan Exiles: Day One Edition,1396868,44.99,KOCH MEDIA (SOFTWARE),4020628773045,Xbox One
Xbox One Gears of War 4,1394378,31.99,MICROSOFT IRELAND (SOFT),0889842262117,Xbox One
Xbox One Need for Speed Payback,1368358,39.99,ELECTRONIC ARTS (SOFTWARE),5035226121562,Xbox One
XboxOne The Crew 2,1369144,54.99,UBISOFT ENTERTAIMENT S.A(SOFT),3307216024804,Xbox One
Xbox One Diablo III: Eternal Collection,1407044,34.99,ACTIVISION BLIZZARD (SOFT),5030917236495,Xbox One
Xbox One AO International Tennis,1405587,40.99,MERIDIEN (SOFT),9352522000152,Xbox One
Xbox One Forza Horizon 4,1427597,59.99,MICROSOFT IRELAND (SOFT),0889842392487,Xbox One
Xbox One Star Wars Battlefront II,1363509,42.99,ELECTRONIC ARTS (SOFTWARE),5030935121629,Xbox One
Xbox One Devil May Cry HD Collection,1397747,27.99,KOCH MEDIA (SOFTWARE),5055060987049,Xbox One
Xbox One State of Decay 2,1405567,28.99,MICROSOFT IRELAND (SOFT),0889842223743,Xbox One
XBOXONE FAR CRY 3,1423166,28.99,UBISOFT ENTERTAIMENT S.A(SOFT),3307216049654,Xbox One
Xbox One Call of Duty: Black Ops 4,1401470,64.90,ACTIVISION BLIZZARD (SOFT),2000014014701,Xbox One
Xbox One The Elder Scrolls Online Summerset,1403040,34.99,KOCH MEDIA (SOFTWARE),5055856419921,Xbox One
Xbox One - Sword Art Online: Fatal Bullet,1385795,44.99,NAMCO BANDAI (SOFTWARE),3391891996273,Xbox One
Xbox One Naruto to Boruto Shinobi Striker,1418493,64.99,NAMCO BANDAI (SOFTWARE),3391891996792,Xbox One
Xbox One The Banner Saga Collection,1407180,34.99,505 GAMES,8023171041469,Xbox One
Xbox One Call of Duty Black Ops III - Zombie Chronicles,1373149,48.99,ACTIVISION BLIZZARD (SOFT),5030917216046,Xbox One
Xbox One - Los Sims 4,1373595,44.99,ELECTRONIC ARTS (SOFTWARE),5030947122409,Xbox One
Xbox One Dead Rising 4,1335361,49.99,MICROSOFT IRELAND (SOFT),0889842148671,Xbox One
Xbox One PlayerUnknown's Battlegrounds,1388127,25.99,MICROSOFT IRELAND (SOFT),0889842271447,Xbox One
Xbox One Hitman Definitive Edition,1408243,40.90,WARNER BROS ENTERTAIN. (SOFTW),5051893236972,Xbox One
Xbox One UFC 2,1308202,19.99,ELECTRONIC ARTS (SOFTWARE),5030940117938,Xbox One
Xbox One Lego DC Super Villanos,1426436,49.99,WARNER BROS ENTERTAIN. (SOFTW),5051893237290,Xbox One
Xbox One Far Cry 5,1367490,40.90,UBISOFT ENTERTAIMENT S.A(SOFT),3307216022947,Xbox One
Xbox One Raid: World War II,1376396,17.90,505 GAMES,8023171039039,Xbox One
Xbox One Monster Energy Supercross The Official Videogame,1385782,44.90,NAMCO BANDAI (SOFTWARE),8059617107468,Xbox One
Xbox One LEGO Los Increíbles,1406122,44.99,WARNER BROS ENTERTAIN. (SOFTW),5051893236927,Xbox One
Xbox One Dragon Age Inquisition,1233348,19.99,ELECTRONIC ARTS (SOFTWARE),5035224111350,Xbox One
Xbox One Dark Souls: Remastered,1394895,37.99,NAMCO BANDAI (SOFTWARE),3391891997416,Xbox One
XBOXONE BATTLEFIELD 1 - REVOLUTION ED.,1373581,54.90,ELECTRONIC ARTS (SOFTWARE),5030931122422,Xbox One
The surge - Xbox One,1361067,48.99,BADLAND (SOFT),3512899117327,Xbox One
Xbox One Final Fantasy XV,1320914,17.90,KOCH MEDIA (SOFTWARE),5021290073081,Xbox One
Xbox One Star Wars: Battlefront,1278398,19.99,ELECTRONIC ARTS (SOFTWARE),5030949112583,Xbox One
Xbox One WRC 5 - eSports Edition,1316539,44.99,BADLAND (SOFT),3499550346633,Xbox One
Xbox One GTA V - Grand Theft Auto,1318192,29.99,TAKE TWO INTERACTIVE ESPAÑA SL,5026555284127,Xbox One
Xbox One Crash Bandicoot N.Sane Trilogy,1400733,32.99,ACTIVISION BLIZZARD (SOFT),5030917236624,Xbox One
ELECTRONIC ARTS XBOXONE FIFA 19,1422014,59.90,ELECTRONIC ARTS (SOFTWARE),5030947121921,Xbox One
Xbox One Surviving Mars,1388383,31.99,KOCH MEDIA (SOFTWARE),4020628769697,Xbox One
3DS Super Mario 3D Land Select,1375124,19.99,NINTENDO ESPAÑA S.A.(SOFTWARE),0045496476588,Nintendo 3DS y 2DS
3DS YO-KAI WATCH BLASTERS: ESCUADRON DEL PERRO BLA,1425109,34.99,NINTENDO ESPAÑA S.A.(SOFTWARE),0045496477622,Nintendo 3DS y 2DS
Nintendo 3DS Kirby: Battle Royale,1377059,30.99,NINTENDO ESPAÑA S.A.(SOFTWARE),0045496476878,Nintendo 3DS y 2DS
3DS New Style Boutique 3: Estilismo para celebrities,1377060,29.99,NINTENDO ESPAÑA S.A.(SOFTWARE),0045496476656,Nintendo 3DS y 2DS
Nintendo 3DS Dillon's Dead-Heat Breaker,1401647,34.99,NINTENDO ESPAÑA S.A.(SOFTWARE),0045496477158,Nintendo 3DS y 2DS
3DS Shin Megami Tensei: Strange Journey Redux,1399805,35.99,KOCH MEDIA (SOFTWARE),4020628778491,Nintendo 3DS y 2DS
Nintendo 3DS Yo-Kai Watch 2: Mentespectros,1373948,29.99,NINTENDO ESPAÑA S.A.(SOFTWARE),0045496475864,Nintendo 3DS y 2DS
Nintendo 3DS Fire Emblem Warriors,1375251,33.99,NINTENDO ESPAÑA S.A.(SOFTWARE),0045496476144,Nintendo 3DS y 2DS
POOCHY & YOSHI'S WOOLLY WORLD - Juego Nintendo 3DS,1352053,32.99,NINTENDO ESPAÑA S.A.(SOFTWARE),0045496474614,Nintendo 3DS y 2DS
3DS Pokémon Y,1205683,37.99,NINTENDO ESPAÑA S.A.(SOFTWARE),0045496524333,Nintendo 3DS y 2DS
3DS Mario Party: Island Tour - Selects,1296419,17.99,NINTENDO ESPAÑA S.A.(SOFTWARE),0045496528928,Nintendo 3DS y 2DS
NINTENDO ESPAÑA S.A.(SOFTWARE) 3DS SELECTS THE LEGEND OF ZELDA OCARINA OF TIME,1328765,17.99,NINTENDO ESPAÑA S.A.(SOFTWARE),0045496472689,Nintendo 3DS y 2DS
Nintendo 3DS Pokemon Crystal,1391008,8.99,NINTENDO ESPAÑA S.A.(SOFTWARE),0045496476984,Nintendo 3DS y 2DS
NINTENDO ESPAÑA S.A.(SOFTWARE) 3DS SELECTS NEW STYLE BOUTIQUE,1328769,16.99,NINTENDO ESPAÑA S.A.(SOFTWARE),0045496472979,Nintendo 3DS y 2DS
Nintendo 3DS Tomodachi Life,1235124,32.99,NINTENDO ESPAÑA S.A.(SOFTWARE),0045496525507,Nintendo 3DS y 2DS
3DS Kirby: Triple Deluxe Select,1375126,19.99,NINTENDO ESPAÑA S.A.(SOFTWARE),0045496476809,Nintendo 3DS y 2DS
3DS Yoshi's New Island - Selects,1296420,16.99,NINTENDO ESPAÑA S.A.(SOFTWARE),0045496528850,Nintendo 3DS y 2DS
3DS Detective Pikachu,1394023,34.99,NINTENDO ESPAÑA S.A.(SOFTWARE),0045496477080,Nintendo 3DS y 2DS
3DS The Legend of Zelda: A Link Between Worlds - Selects,1296421,18.99,NINTENDO ESPAÑA S.A.(SOFTWARE),0045496528997,Nintendo 3DS y 2DS
3DS Kirby: Planet Robobot,1322279,34.99,NINTENDO ESPAÑA S.A.(SOFTWARE),0045496473051,Nintendo 3DS y 2DS
3DS Pokémon Zafiro Alfa,1253650,39.99,NINTENDO ESPAÑA S.A.(SOFTWARE),0045496526320,Nintendo 3DS y 2DS
Nintendo 3DS Super Mario Bros 2,9328391,35.99,NINTENDO ESPAÑA S.A.(SOFTWARE),0045496522582,Nintendo 3DS y 2DS
NINTENDO ESPAÑA S.A.(SOFTWARE) 3DS SELECTS MARIO AND LUIGI DREAM TEAM BROS.,1328768,15.99,NINTENDO ESPAÑA S.A.(SOFTWARE),0045496472900,Nintendo 3DS y 2DS
Nintendo 3DS Captain Toad: Treasure Tracker,1402211,33.99,NINTENDO ESPAÑA S.A.(SOFTWARE),0045496477714,Nintendo 3DS y 2DS
3DS Luigis Mansion 2 Select,1375125,19.99,NINTENDO ESPAÑA S.A.(SOFTWARE),0045496476724,Nintendo 3DS y 2DS
3DS Dragon Ball Fusions,1352668,20.99,NAMCO BANDAI (SOFTWARE),3391891989367,Nintendo 3DS y 2DS
3DS Mario Tennis Open - Selects,1296418,18.99,NINTENDO ESPAÑA S.A.(SOFTWARE),0045496529062,Nintendo 3DS y 2DS
3DS The Legend of Zelda: Majoras Mask,1266768,36.99,NINTENDO ESPAÑA S.A.(SOFTWARE),0045496527242,Nintendo 3DS y 2DS
Nintendo 3DS Mario Sports Super Stars,1360889,34.99,NINTENDO ESPAÑA S.A.(SOFTWARE),0045496474829,Nintendo 3DS y 2DS
NINTENDO ESPAÑA S.A.(SOFTWARE) 3DS SUPER SMASH BROS,1251557,35.99,NINTENDO ESPAÑA S.A.(SOFTWARE),0045496526283,Nintendo 3DS y 2DS
3DS Pokémon Rubí Omega,1253649,39.99,NINTENDO ESPAÑA S.A.(SOFTWARE),0045496526313,Nintendo 3DS y 2DS
Nintendo 3DS - Harvest Moon: El Pueblo de los Árboles Celestes,1360849,31.99,KOCH MEDIA (SOFTWARE),5060102954712,Nintendo 3DS y 2DS
Nintendo 3DS El misterioso viaje de Layton: Katrielle y la conspiración de Los Millonarios,1375462,34.99,NINTENDO ESPAÑA S.A.(SOFTWARE),0045496476519,Nintendo 3DS y 2DS
Nintendo 3DS Mario Kart 7,9313136,35.99,NINTENDO ESPAÑA S.A.(SOFTWARE),0045496521301,Nintendo 3DS y 2DS
Nintendo 3DS Wario Ware Gold,1402212,34.99,NINTENDO ESPAÑA S.A.(SOFTWARE),0045496477806,Nintendo 3DS y 2DS
3DS YO-KAI WATCH BLASTERS: LIGA DEL GATO ROJO,1425108,34.99,NINTENDO ESPAÑA S.A.(SOFTWARE),0045496477530,Nintendo 3DS y 2DS
Nintendo 3DS Miitopia,1364842,34.99,NINTENDO ESPAÑA S.A.(SOFTWARE),0045496475413,Nintendo 3DS y 2DS
3DS Radiant Historia: Perfect Chronology,1390866,34.99,KOCH MEDIA (SOFTWARE),4020628778583,Nintendo 3DS y 2DS
Nintendo 3DS Sushi Striker: The Way of Sushido,1402208,31.99,NINTENDO ESPAÑA S.A.(SOFTWARE),0045496477233,Nintendo 3DS y 2DS
